question_num,audience_type,rag_model_type,question,context,response,cleaned_response
3,research,single_question,Can you name some notable large language models and their respective creators or companies?,"137 Billion
168 Billion
GPT-3 (Brown et al., 2020)
175 Billion
300 Billion
Jurassic (Lieber et al., 2021)
178 Billion
300 Billion
Gopher (Rae et al., 2021)
280 Billion
300 Billion
MT-NLG 530B (Smith et al., 2022)
530 Billion
270 Billion
Chinchilla
70 Billion
1.4 Trillion
2. Related Work
Large language models.
A variety of large language models have been introduced in the last few
years. These include both dense transformer models (Brown et al., 2020; Lieber et al., 2021; Rae

turing NLG 530b, A Large-Scale Generative Language Model. arXiv preprint arXiv:2201.11990,
2022.
J. Steinhardt. Updates and lessons from AI forecasting, 2021. URL https://bounded-regret.g
host.io/ai-forecasting/.
Y. Tay, M. Dehghani, J. Rao, W. Fedus, S. Abnar, H. W. Chung, S. Narang, D. Yogatama, A. Vaswani,
and D. Metzler. Scale eﬃciently: Insights from pre-training and ﬁne-tuning transformers, 2021.

After the success of many large-scale general language models, many QA models embrace the following approach:

and fluency tradeoffs for retrieval-augmented large language models,”
arXiv:2302.05578, 2023.
[349] C. Han, Q. Wang, W. Xiong et al., “Lm-infinite: Simple on-the-fly
length generalization for large language models,” arXiv:2308.16137,
2023.
[350] H.
Chase,
“Langchain,”
https://github.com/langchain-ai/langchain,
2022.
[351] W. Jiang, S. Zhang, B. Han et al., “Piperag: Fast retrieval-augmented
generation via algorithm-system co-design,” arXiv:2403.05676, 2024.","ANSWER: Notable large language models mentioned in the context are GPT-3 by Brown et al. (2020), Jurassic by Lieber et al. (2021), Gopher by Rae et al. (2021), MT-NLG 530B by Smith et al. (2022), and Chinchilla (no specific creator cited). These models are dense transformer models that employ various techniques such as pre-training and fine-tuning for natural language generation tasks. Other related works include Retrieval-Augmented Language Models (Feng et al., 2023), LM-Infinite for length generalization (Han et al., 2023), Langchain (Chase, 2022), and Piperag for fast retrieval-augmented generation (Jiang et al., 2024).","Notable large language models mentioned in the context are GPT-3 by Brown et al. (2020), Jurassic by Lieber et al. (2021), Gopher by Rae et al. (2021), MT-NLG 530B by Smith et al. (2022), and Chinchilla (no specific creator cited). These models are dense transformer models that employ various techniques such as pre-training and fine-tuning for natural language generation tasks. Other related works include Retrieval-Augmented Language Models (Feng et al., 2023), LM-Infinite for length generalization (Han et al., 2023), Langchain (Chase, 2022), and Piperag for fast retrieval-augmented generation (Jiang et al., 2024)."
51,research,single_question,How do the datasets encourage the application of common-sense reasoning and entailment recognition in natural language processing tasks?,"datasets are designed to capture tasks that are easy to evaluate with automatic metrics, such as
classiﬁcation, question answering, and to a certain extent summarization and translation. However,
classiﬁcation and QA are only a small part (about 18%) of what API customers use our language
models for, whereas open-ended generation and brainstorming consist of about 57% of our prompt
dataset according to labelers (see Table 1). Second, it can be difﬁcult for public NLP datasets to

Linguistics (Demonstrations), pages 48–53, Minneapolis, Minnesota, June 2019. Association
for Computational Linguistics. doi: 10.18653/v1/N19-4009. URL https://www.aclweb.
org/anthology/N19-4009.
[46] Ethan Perez, Siddharth Karamcheti, Rob Fergus, Jason Weston, Douwe Kiela, and Kyunghyun
Cho. Finding generalizable evidence by learning to convince q&a models. In Proceedings
of the 2019 Conference on Empirical Methods in Natural Language Processing and the 9th

relevant context through a variety of techniques - including vector search, keyword search, text-to-SQL - and feeds this context into the language model to generate responses. The approach improves factual accuracy, supports domain-specific customization, enables citation of sources, and allows for more updated information without retraining the model itself.

to these examples. We believe both these behaviors could be dramatically reduced with adversarial
data collection (Dinan et al., 2019b).
5
Discussion
5.1
Implications for alignment research
This research is part of our broader research program to align AI systems with human intentions (Chris-
tiano et al., 2017; Ziegler et al., 2019; Stiennon et al., 2020). Even though this work focuses on
our current language model systems, we seek general and scalable methods that work for future AI","ANSWER: The datasets do not explicitly encourage common-sense reasoning and entailment recognition in natural language processing tasks within the given context. Instead, they focus on classification, question answering, summarization, translation, and open-ended generation tasks where evaluation can be done automatically. However, indirectly, these tasks might require some level of common sense and entailment understanding since they involve complex linguistic structures and semantics. Additionally, approaches like learning to feed relevant context through various techniques (e.g., vector search, keyword search, text-to-SQL) may help improve the system's ability to understand and respond appropriately, which implicitly involves recognizing relationships between different pieces of information and making reasonable assumptions based on them.","The datasets do not explicitly encourage common-sense reasoning and entailment recognition in natural language processing tasks within the given context. Instead, they focus on classification, question answering, summarization, translation, and open-ended generation tasks where evaluation can be done automatically. However, indirectly, these tasks might require some level of common sense and entailment understanding since they involve complex linguistic structures and semantics. Additionally, approaches like learning to feed relevant context through various techniques (e.g., vector search, keyword search, text-to-SQL) may help improve the system's ability to understand and respond appropriately, which implicitly involves recognizing relationships between different pieces of information and making reasonable assumptions based on them."
