question_num,question,gold_answer_research,gold_answer_marketing
0,What defines a large language model in the context of natural language processing tasks?,"A large language model in the context of natural language processing tasks is characterized by its ability to achieve general-purpose language generation and other NLP tasks through self-supervised and semi-supervised training on large datasets. These models typically utilize feedforward neural networks and transformers, surpassing earlier models like recurrent neural networks and word n-gram language models. They are often pre-trained on vast amounts of text data from the internet and can be fine-tuned for specific downstream tasks such as summarization, machine reading comprehension, and natural language to SQL translation.",A large language model (LLM) is a language model notable for its ability to achieve general-purpose language generation and other natural language processing tasks such as classification. LLMs acquire these abilities by learning statistical relationships from text documents during a computationally intensive self-supervised and semi-supervised training process.
1,How do large language models like GPT-3 become capable of text generation?,"Large language models like GPT-3 become capable of text generation through a process of pre-training on vast amounts of unlabelled text data, where they learn statistical relationships and patterns in language. This pre-training process involves training the model to predict the next word in a sequence, allowing it to understand and generate human-like text. Additionally, fine-tuning on specific tasks or datasets further enhances the model's ability to generate text that is contextually relevant and coherent. By combining these pre-training and fine-tuning techniques, GPT-3 can generate novel and diverse text outputs across a wide range of natural language processing tasks.","Large language models like GPT-3 become capable of text generation by being pre-trained on large data sets of unlabelled text, learning statistical relationships from text documents during a computationally intensive self-supervised and semi-supervised training process. This allows them to generate novel human-like content based on the patterns and relationships they have learned."
2,What are some of the architectures used in building artificial neural networks for LLMs?,"Some common architectures used in building artificial neural networks for LLMs include decoder-only transformer-based architectures, recurrent neural network variants, and Mamba (a state space model). MRKL (Modular Reasoning, Knowledge and Language) is another neuro-symbolic architecture that utilizes neural and symbolic expert modules. Additionally, the unified architecture proposed by Ronan Collobert and Jason Weston combines deep neural networks with multitask learning for natural language processing.","The architectures used in building artificial neural networks for LLMs include decoder-only transformer-based architecture, recurrent neural network variants, and Mamba (a state space model)."
3,Can you name some notable large language models and their respective creators or companies?,"Some notable large language models include Mistral 7B developed by a team of engineers including Albert Q. Jiang and Guillaume Lample, as well as Chinchilla developed by the research team at DeepMind. Additionally, The Pile dataset was created by Leo Gao, Stella Biderman, and others, while the Realm model was developed by Kelvin Guu and his team. These models have been recognized for their superior performance and efficiency in language generation and natural language processing tasks.","Some notable large language models include Mistral 7B by a team of researchers, Chinchilla by DeepMind, and GPT-3 by OpenAI."
7,What licensing terms are associated with source-available models like Mistral AI's language models?,"Source-available models like Mistral AI's language models, including Mistral 7B, are released under the Apache 2.0 license. This license allows for more permissive use and modification of the models, providing flexibility for users to adapt the models to their specific needs. Additionally, the release of Mistral 7B includes a reference implementation for easy deployment on various cloud platforms and integration with tools like the vLLM inference server and Hugging Face for streamlined usage. This licensing approach aims to facilitate widespread adoption and adaptation of the models for different tasks and applications.",Source-available models like Mistral AI's language models are released under the Apache 2.0 license.
8,What are the main applications of language models?,"Language models have a wide range of applications, including speech recognition, machine translation, natural language generation, optical character recognition, handwriting recognition, grammar induction, and information retrieval. Large language models, which are currently the most advanced form, are created using larger datasets, often sourced from the public internet, and feedforward neural networks. These models can be used for tasks such as text generation, question-answering, creative writing, dialogue, and classification.","The main applications of language models include speech recognition, machine translation, natural language generation, optical character recognition, handwriting recognition, grammar induction, and information retrieval."
9,Who proposed the first significant statistical language model?,The first significant statistical language model was proposed in 1980. This model was a probabilistic model of natural language. IBM conducted 'Shannon-style' experiments during the 1980s to identify potential sources for language modeling improvement by observing and analyzing the performance of human subjects in predicting or correcting text.,The first significant statistical language model was proposed by IBM in 1980.
11,Which components have allowed large language models to surpass their predecessors?,"Large language models have surpassed their predecessors due to their use of larger datasets, feedforward neural networks, and transformers. These components have enabled these models to outperform recurrent neural network-based models and traditional statistical models like word n-gram language models. The combination of these elements has allowed for the creation of more adaptable, efficient, and high-performing language models that can be applied to a wide range of tasks in the field of natural language processing.","The combination of larger datasets, feedforward neural networks, and transformers."
12,What is a common strategy used by language models to address the curse of dimensionality?,"One common strategy used by language models to address the curse of dimensionality is the use of continuous space embeddings produced by recurrent neural network-based models. These embeddings represent words as non-linear combinations of weights, which helps alleviate the data sparsity issue caused by the exponential increase in possible word sequences with the size of the vocabulary. This approach allows language models to efficiently capture the relationships between words in a lower-dimensional space, reducing the impact of the curse of dimensionality.",Continuous space embeddings produced in recurrent neural network-based language models are a common strategy used to address the curse of dimensionality.
13,Why might large language models not be considered plausible cognitive models?,"Large language models may not be considered plausible cognitive models because they sometimes learn patterns that humans do not learn, and fail to learn patterns that humans typically do learn. This discrepancy in learning capabilities between large language models, particularly recurrent neural networks, and humans raises questions about the true cognitive abilities of these models. Additionally, the potential for misuse of these models, such as generating misinformation or abusive content, highlights the need for caution when deploying them in various applications. Furthermore, the pre-defined context window size in LLMs and the potential for hallucination of data also contribute to the concerns about their cognitive modeling capabilities.","Large language models sometimes learn patterns that humans do not learn and fail to learn patterns that humans typically learn, making them not considered plausible cognitive models."
16,What is the purpose of the constitution in training AI systems?,"The purpose of the constitution in training AI systems, such as in the Constitutional AI approach, is to provide a set of guiding principles for the AI model to follow during the supervised learning phase. This constitution helps the model generate responses to prompts, self-critique these responses, and revise them accordingly. Additionally, the constitution serves as a framework for the reinforcement learning phase, where the AI evaluates responses based on these principles, ultimately training the AI to be harmless and helpful without extensive human feedback.","The purpose of the constitution in training AI systems is to guide the model to generate responses that align with a set of guiding principles, ensuring that the AI is harmless and helpful without extensive human feedback."
17,What is the meaning of the term alignment tax in the context of AI development?,"In the context of AI development, the term alignment tax refers to the additional cost incurred in ensuring that an AI system is aligned with human intent. This cost arises from the need to mitigate performance degradations introduced by fine-tuning the model to achieve alignment. A high alignment tax could deter the adoption of alignment techniques, as it may impact usability and performance. Therefore, there is a growing need for alignment techniques that have a low alignment tax to encourage the development of highly capable AI systems aligned with human intent.",The term 'alignment tax' in the context of AI development refers to the additional cost incurred to ensure that an AI system is aligned with human intent and ethical considerations. This cost can arise from mitigating performance degradations introduced by fine-tuning the AI model.
18,How does the release of successive models in a language model series typically improve functionality?,"The release of successive models in a language model series typically improves functionality by incorporating larger datasets, allowing for more comprehensive training and better understanding of syntax, semantics, and ontology in human language corpora. Additionally, newer models often address inaccuracies and biases present in earlier versions, leading to more accurate and reliable results. Furthermore, advancements in technology and research techniques contribute to the development of more efficient and high-performing language models, enabling them to be used in a wider range of tasks effectively.","The release of successive models in a language model series typically improves functionality by enhancing adaptability, performance, and efficiency through advancements in training methods and model architecture."
19,What is the significant enhancement in Claude 2.1 compared to its previous version?,"The significant enhancement in Claude 2.1 compared to its previous version Claude 2 is the expanded context window, which has been increased from 100,000 tokens to 200,000 tokens. This allows Claude 2.1 to process and analyze larger amounts of text, enabling it to provide more comprehensive summaries and assistance with tasks. Additionally, Claude 2.1 has improved its performance in handling complex queries and requests, showcasing advancements in its capabilities for natural language processing and understanding.","The significant enhancement in Claude 2.1 compared to its previous version is the expansion of the context window from 9,000 tokens to 100,000 tokens, as well as the ability to upload PDFs and other documents for reading, summarizing, and task assistance."
20,In what way can a language model demonstrate meta-cognitive reasoning capabilities?,"A language model can demonstrate meta-cognitive reasoning capabilities by realizing it is being artificially tested during needle-in-a-haystack evaluations, as shown by Claude 3. This ability allows the model to understand the context of the evaluation and adjust its responses accordingly. Additionally, fine-tuning a pre-trained model to answer questions without external context, like in the study by Roberts et al. (2020), can also showcase the meta-cognitive reasoning abilities of the language model. This fine-tuning process forces the model to rely on internalized knowledge acquired during pre-training, demonstrating its capacity for self-awareness and adaptive reasoning.",A language model can demonstrate meta-cognitive reasoning capabilities by realizing it is being artificially tested during evaluations such as needle in a haystack tasks.
22,How can a language model's ability to analyze images expand its range of applications?,"One way a language model's ability to analyze images can expand its range of applications is by enabling it to perform tasks that require both textual and visual information, such as image captioning or visual question answering. By incorporating image features into the model's input, it can generate more contextually relevant and accurate responses. This integration of image analysis can also enhance the model's performance in tasks like content generation, recommendation systems, and sentiment analysis, where visual cues play a significant role in understanding and interpreting the data. Additionally, combining language and image processing capabilities can lead to more sophisticated and versatile AI systems that can handle a wider range of real-world applications effectively.","By incorporating image analysis capabilities, a language model can be used for tasks such as image captioning, visual question answering, and text-to-image generation, expanding its range of applications beyond just text-based tasks."
23,What are some ethical considerations that come into play when refining the performance of language models?,"Some ethical considerations when refining the performance of language models include preventing biased outputs, ensuring privacy of data, avoiding generation of misinformation, and not promoting harmful activities. It is important to evaluate model outputs based on criteria such as not generating abusive or offensive language, not providing bad advice or promoting illegal activities, and not causing harm to individuals or the environment. Trade-offs may need to be made between these criteria depending on the task at hand. Additionally, alignment techniques should be used as part of a broader safety ecosystem to address safety issues associated with large language models.","Ethical considerations when refining language models include avoiding biased outputs, protecting privacy, preventing misinformation, and ensuring outputs do not cause harm or promote illegal activity. Trade-offs may need to be made in evaluating model outputs based on these criteria."
24,Who developed the language model family known as Chinchilla?,The Chinchilla language model family was developed by the research team at DeepMind and presented in March 2022. It is named 'Chinchilla' as an advancement over the previous Gopher model family. The Chinchilla family has been trained to investigate the scaling laws of large language models and is designed to outperform GPT-3.,The research team at DeepMind developed the language model family known as Chinchilla.
25,What benchmark did Chinchilla achieve an average accuracy of 67.5% on?,Chinchilla achieved an average accuracy of 67.5% on the MMLU benchmark (Measuring Massive Multitask Language Understanding).,Chinchilla achieved an average accuracy of 67.5% on the MMLU benchmark (Measuring Massive Multitask Language Understanding).
27,What is the significance of the accuracy percentage achieved by Chinchilla on the MMLU benchmark?,"The significance of the accuracy percentage achieved by Chinchilla on the MMLU benchmark is that it is 67.5%, which is 7% higher than Gopher's performance. Chinchilla's performance on the benchmark is a positive indicator of its effectiveness in developing an effective training paradigm for large autoregressive language models with limited compute resources. The higher accuracy suggests that Chinchilla may have better performance on downstream tasks compared to Gopher. Additionally, Chinchilla was still in the testing phase as of January 12, 2023, indicating ongoing development and potential for further improvement in accuracy.","The significance of the accuracy percentage achieved by Chinchilla on the MMLU benchmark is 67.5%, which is 7% higher than Gopher's performance."
28,Why is Chinchilla considered more efficient in terms of computing power for inference and fine-tuning?,"Chinchilla is considered more efficient in terms of computing power for inference and fine-tuning because it has 70B parameters and four times as much data, allowing for high performance with limited compute resources. Additionally, Chinchilla's training paradigm recommends doubling the number of training tokens for every model size doubling, leading to better results on downstream tasks. Moreover, Chinchilla's smooth and differentiable model architecture contributes to its efficiency in training and inference processes.","Chinchilla is considered more efficient in terms of computing power for inference and fine-tuning because it has 70B parameters and four times as much data, which allows for high performance with limited compute resources."
30,"What is the recommended strategy for training large autoregressive language models with limited compute resources, as contributed by the Chinchilla team?","The Chinchilla team recommends that the number of training tokens should be doubled for every model size doubling to achieve better results on downstream tasks. They also suggest using larger, higher-quality training datasets to improve performance. Additionally, they mention the importance of balancing model size and efficiency to address computational costs and inference latency limitations. It is advised to focus on Transformer language models and consider sharing model parameters for quick task-switching when deploying as a service.","The Chinchilla team recommends doubling the number of training tokens for every model size doubling and using larger, higher-quality training datasets to achieve better results on downstream tasks."
33,What assumptions must be met in order for the reparameterization of reward functions to be applied within the context of Plackett-Luce and Bradley-Terry models?,"In order for the reparameterization of reward functions to be applied within the context of Plackett-Luce and Bradley-Terry models, the assumptions must include the existence of a reward function r(x, y) that induces an optimal model πr(y | x) as specified by Equation 4. Additionally, the reward function must be from an equivalence class of reward functions that differ only in an input-specific component. It is also important to ensure that the value distribution, representing human utility, is affected by input-specific changes to maximize preference. Finally, the assumptions should allow for the cancellation of the normalization constant Z(x) in the derived expressions.","The assumptions that must be met for the reparameterization of reward functions to be applied within the context of Plackett-Luce and Bradley-Terry models are that the reward classes consistent with these models can be represented by the reparameterization formula r(x, y) = β log(π(y|x) / πref(y|x))."
34,"What are some of the limitations of traditional position encoding methods in the architecture of pre-trained language models (PLMs), and what novel approach does the paper propose to address these issues?","One limitation of traditional position encoding methods in PLMs is that they may not enable length extrapolation of pre-existing models, leading to the need for substantial pre-training costs. The paper proposes a novel approach called Position Interpolation, which extends existing PLMs without deviating far from existing definitions of position encoding or attention mechanisms. This method allows for much extended context windows for text modeling, leading to significant perplexity gains and improved model performance.","Traditional position encoding methods in PLMs have limitations in enabling length extrapolation and adapting to extended context windows. The paper proposes a novel approach called Position Interpolation, which generates strong models that can effectively make use of much extended context windows. This method allows for substantial pre-training cost savings and preserves the quality of the original models, even for small context window tasks."
35,How does the Rotary Position Embedding (RoPE) approach in Transformers differ from the traditional additive method of position embedding with respect to encoding position information?,"The RoPE approach in Transformers differs from the traditional additive method of position embedding by being multiplicative instead of additive. While traditional methods add position encoding to context representations, RoPE incorporates relative position information through rotation matrix product. This means that RoPE naturally includes relative position dependency in the self-attention formulation, without altering terms in the expanded formulation like the additive method does. Additionally, RoPE's properties show that it decays as the relative distance between positions increases, providing a clear theoretical interpretation of how position information is encoded.",The RoPE approach in Transformers differs from the traditional additive method of position embedding by incorporating relative position information through rotation matrix product instead of altering terms in the expanded formulation of additive position encoding.
36,What approaches or methods are suggested for improving the alignment of language models with human preferences?,"One approach suggested for improving the alignment of language models with human preferences is Direct Preference Optimization (DPO), which optimizes language models to adhere to human preferences without explicit reward modeling or reinforcement learning. This algorithm implicitly optimizes the same objective as existing RLHF algorithms, making it simple to implement and straightforward to train. Additionally, incorporating pretraining data into RLHF fine-tuning can help mitigate the alignment tax and improve the alignment of language models with human preferences.",Direct Preference Optimization (DPO) is a suggested approach for improving the alignment of language models with human preferences. It optimizes the same objective as existing reinforcement learning with a KL-divergence constraint but is simpler to implement and train.
38,What methods have been explored to improve the alignment of language models with user preferences or desired outputs?,"Several methods have been explored to improve the alignment of language models with user preferences or desired outputs. These include fine-tuning language models from human preferences, using reinforcement learning from human feedback, and minimizing f-divergence to align language models with preferences. Additionally, incorporating pretraining data into reinforcement learning from human feedback (RLHF) has shown promise in mitigating alignment issues. It is important to consider factors such as the underlying model, training data, fine-tuning data, and alignment methods when working towards better alignment with user intentions.","Methods explored to improve the alignment of language models with user preferences or desired outputs include RLHF, DPO, and f-divergence minimization."
39,How does the uniqueness of a reparameterized reward function within an equivalence class impact the selection of optimal policies in constrained reinforcement learning problems?,"The uniqueness of a reparameterized reward function within an equivalence class ensures that different reward functions from the same class will induce the same optimal policy in constrained reinforcement learning problems. This means that despite the under-specification issue, the optimal policy remains consistent across equivalent reward functions, allowing for more stable and reliable policy learning. By reparameterizing the reward function, the selection of optimal policies becomes more straightforward and consistent, leading to better convergence and performance in constrained reinforcement learning scenarios.",The uniqueness of a reparameterized reward function within an equivalence class ensures that different reward functions from the same class will lead to the selection of the same optimal policy in constrained reinforcement learning problems.
41,"Question: When conducting demographic and technical assessments of teams or research subjects, what types of data categories are typically collected and analyzed to ensure a comprehensive understanding of the group's composition and the methods used?","When conducting demographic and technical assessments of teams or research subjects, it is important to collect and analyze data categories such as age, gender, education level, professional background, and expertise in specific areas. By gathering information on these categories, you can ensure a comprehensive understanding of the group's composition and the methods used in your assessments. Additionally, it may be helpful to consider factors like cultural background, language proficiency, and geographical location to capture a more nuanced picture of the group being assessed. This detailed approach to data collection and analysis can provide valuable insights for making informed decisions and recommendations based on the gathered information.","Answer: Demographic data such as age, gender, education level, and technical data related to skills and experience are typically collected and analyzed for comprehensive understanding."
43,How does the evaluation process determine the level of alignment in the models being tested?,"The evaluation process determines the level of alignment in the models by comparing the system-level judgments made by the language model (GPT-4) with those made by human annotators, using metrics such as Kendall Tau and Spearman rank correlation. At the example level, the agreement between the model and human annotators is measured using Fleiss κ. These metrics provide insights into the alignment of the language model with human intentions and indicate the reliability of model-based evaluation as an alternative to human evaluation.","The evaluation process determines the level of alignment in the models being tested by comparing system-level judgments by the language model and human annotators, as well as examining agreement at the example level."
44,"What approaches can be used to improve the performance of an AI model on various datasets, and how do they compare in terms of effectiveness?","To improve the performance of an AI model on various datasets, you can consider combining your method with ways to filter the pretraining data or training the initial pretrained models using human data. Additionally, you could explore methods that improve models' truthfulness, such as WebGPT. Comparing the effectiveness of these approaches, it may be beneficial to experiment with different adaptation approaches in the low-data regime and evaluate their performance on tasks like MNLI-n. Fine-tuning models using different training datasets and varying the number of fine-tuning steps can also impact performance on public NLP datasets.","Approaches such as fine-tuning with different datasets, filtering pretraining data, and combining methods to improve model truthfulness can be used to enhance the performance of an AI model on various datasets. However, the effectiveness of these approaches may vary depending on the specific task and dataset."
46,"What are some common strategies for addressing the ethical and social risks associated with the deployment of language models, according to recent research findings?","Recent research findings suggest that common strategies for addressing the ethical and social risks associated with the deployment of language models include implementing alignment techniques to ensure that the models are helpful, honest, and harmless. These alignment techniques involve fine-tuning approaches such as reinforcement learning from human feedback to train the models to follow a broad class of written instructions. Additionally, it is important to consider the potential harms of language models in real-world applications and to evaluate how their outputs are used, especially in safety-critical situations. Furthermore, regulating access to large language models and incorporating diverse values-targeted datasets can help mitigate the risks of biased outputs, private data leaks, and misinformation generation.","Recent research findings suggest that common strategies for addressing ethical and social risks associated with the deployment of language models include mitigating biases, protecting private data, preventing the generation of misinformation, and ensuring alignment with human intentions to be helpful, honest, and harmless. These strategies aim to minimize the potential harms that language models may cause in various domains, such as medical diagnoses, employment, housing, and law enforcement."
47,"What categories are the listed companies classified into, and what are some examples of tasks that can be performed in relation to text extraction, generation, rewriting, and chat services based on the given content?","The listed companies are classified as follows: Apple falls under the category of Technology, Facebook is categorized as Social Media, and Fedex's category is not specified. Some examples of tasks that can be performed in relation to text extraction include salient span masking, named entity identification, and adding an empty null document. For text generation, tasks can include natural language generation, speech recognition, and machine translation. For rewriting, tasks can involve summarization, paraphrasing, and producing rap lyrics based on a given article. Chat services can include customer assistance, complaint resolution, and information retrieval.","Apple is classified into the Technology category, Facebook is classified into the Social Media category, and Fedex is not classified. Tasks that can be performed in relation to text extraction include salient span masking and adding an empty null document. Tasks related to text generation include speech recognition, machine translation, and natural language generation. For rewriting, tasks can include summarization and rewriting rap lyrics. Chat services can involve customer assistance and complaints."
48,What criteria were used to select labelers to ensure they can effectively detect and rate sensitive content?,"The criteria used to select labelers included agreement on sensitive speech flagging, performance on a screening test measuring the ability to detect and respond to sensitive content, comparison of outputs, and a demonstration score of 6/7. Labelers were chosen subjectively based on these criteria, with soft cutoffs at 75% agreement on sensitive speech flagging and comparisons. Additionally, labelers were trained on the project and provided with detailed instructions for each task to ensure consistency and accuracy in their ratings.","The criteria used to select labelers included agreement on sensitive speech flagging, performance on a screening test measuring sensitivity to different demographic groups, and ability to identify potentially harmful outputs. Soft cutoffs were set at 75% agreement on sensitive speech flagging and comparisons, and a 6/7 demonstration score."
50,How do the evaluation metrics used in a model contribute to the overall quality and reliability of the generated responses?,"The evaluation metrics used in a model, such as percentage of true responses and informative responses, play a crucial role in assessing the quality and reliability of the generated responses. By comparing the model's outputs to ground-truth summaries and baselines, these metrics help determine the performance of the model in generating accurate and relevant information. Additionally, subjective evaluations by labelers on a Likert scale further contribute to understanding the overall quality of the responses. Future work should focus on mitigating subjective preferences and biases in evaluation systems to ensure more reliable and consistent results.","The evaluation metrics used in a model help determine how often the model's outputs are preferred to a baseline policy, as well as the overall quality of each response. This contributes to assessing the performance and reliability of the generated responses in comparison to other models and benchmarks."
51,How do the datasets encourage the application of common-sense reasoning and entailment recognition in natural language processing tasks?,"The datasets mentioned in the context focus on evaluating natural language models on tasks that require common-sense reasoning and entailment recognition. By incorporating prompts that require understanding of context and relevant information, the models are challenged to go beyond surface-level processing. This encourages the development of models that can infer implicit information, draw logical conclusions, and make accurate predictions based on contextual clues. Through these datasets, researchers aim to improve the ability of natural language processing systems to perform more complex and nuanced tasks that mimic human-like reasoning.","The datasets encourage common-sense reasoning and entailment recognition by evaluating model performance on tasks like question answering, reading comprehension, and summarization, which require understanding context and relationships between different pieces of information in natural language."
52,What metrics are used to evaluate the quality of translations and summaries in the dataset examples provided?,"Translations in the dataset examples are evaluated using the BLEU metric, while summaries are judged based on their ROUGE-L scores with respect to a set of reference summaries. Additionally, the evaluation metric for the summaries is the f1 score from the sample to the target completion. These metrics help assess the quality and accuracy of the translations and summaries in the datasets.","Translations are evaluated using the BLEU metric, while summaries are judged via their ROUGE-L scores with respect to a set of reference summaries. The evaluation metric for translations is the f1 score from the sample to the target completion."
53,What are the implications of adding updates on the pretraining data during the fine-tuning phase of model development based on the observed performance of the models?,"Adding updates on the pretraining data during the fine-tuning phase of model development can help mitigate performance regressions observed in the models. This approach allows for reducing performance regressions on specific datasets without compromising labeler preference scores. Additionally, it enables the models to generalize to the preferences of 'held-out' labelers that did not provide training data, improving overall model performance. This method can be particularly useful for addressing performance issues and enhancing model robustness during the fine-tuning process.",Adding updates on the pretraining data during the fine-tuning phase can help mitigate performance regressions on certain tasks without compromising labeler preference scores. This approach can improve the generalization of models to new data and tasks.
54,"How do the capabilities of different AI models compare in terms of following explicit constraints and minimizing hallucinations, as evidenced by metadata ratings?","Based on the metadata ratings, it appears that the capabilities of different AI models vary in terms of following explicit constraints and minimizing hallucinations. The results show that extending LLaMA 7B and 13B models with a longer context window size leads to significant reductions in perplexity, indicating improved performance in minimizing hallucinations. However, it is important to note that the specific term 'AI hallucination' may anthropomorphize computers and the concept of hallucinations in AI is associated with unjustified responses or beliefs. Further research and analysis are needed to fully understand and compare the capabilities of different AI models in this context.",The capabilities of different AI models in terms of following explicit constraints and minimizing hallucinations can be compared based on metadata ratings.
55,How do human likert scores compare when evaluating PPO with different initial models based on the pretraining fraction?,"Based on the data provided, it appears that human likert scores for PPO with different initial models do not show significant sensitivity to the pretraining fraction choice, as indicated by the performance seeming not sensitive to the particular choice of 0%, 0.1%, or 0.5% pretraining data mix. Additionally, the likert scores seem to be consistent across different pretraining fractions. Further investigation into the impact of pretraining fraction on likert scores may be necessary to determine if there are any subtle differences in performance.",Human likert scores for PPO with different initial models show that there is not a significant difference in performance based on the pretraining fraction used.
59,What methodologies can be employed to test the reliability and accuracy of AI-generated responses to prompts with varying levels of obscurity?,"To test the reliability and accuracy of AI-generated responses to prompts with varying levels of obscurity, methodologies such as measuring truthfulness by comparing the model's actual output to its believed correct output can be employed. Additionally, sensitivity speech flagging can be used to identify and label prompts or completions that may elicit strong negative feelings. Agreement on rankings of prompts submitted to the API can also help assess the model's performance on novel questions. Finally, human evaluation through random sampling of prompts and generated outputs can provide valuable insights into the quality of model responses.","Use automated and human evaluations, measure truthfulness, analyze model responses against user intentions, and conduct closed-book QA testing with various prompts."
60,"How does the subjective nature of human preferences influence the evaluation of chatbot task performance, and what are potential methods for addressing this challenge?","The subjective nature of human preferences can introduce variability in the evaluation of chatbot task performance, as different human annotators may have differing opinions on what constitutes a preferred response. This can lead to disagreements among evaluators, as seen in the case of comparing generations from different chatbot systems. The text suggests that drawing from disciplines such as Human-Computer Interaction and Psychology may offer insights into mitigating these challenges posed by subjective preferences. Additionally, the proposed Direct Preference Optimization (DPO) algorithm aims to optimize language models based on human preferences without the need for explicit reward modeling or reinforcement learning, offering a potential method to address this challenge.",The subjective nature of human preferences can impact the evaluation of chatbot task performance by introducing disagreements among evaluators. Potential methods for addressing this challenge mentioned in the text include investigating approaches from disciplines like Human-Computer Interaction and Psychology to mitigate subjective preferences.
61,What are some potential societal impacts of the widespread use of the QLORA finetuning method for Language Learning Models (LLMs)?,"The authors suggest that the QLORA finetuning method could help close the resource gap between large corporations and small teams, making state-of-the-art NLP technology more accessible. They believe that QLORA could lead to more independent analysis and auditing of LLMs, which could have a positive impact by ensuring models align with societal values and consensus. The method may also enable further investigations into the tradeoffs between simple cross-entropy loss and reinforcement learning from human feedback, potentially leading to more efficient training methods for LLMs.","The potential societal impacts of the widespread use of the QLORA finetuning method for LLMs include making state-of-the-art NLP technology more accessible to researchers with limited resources, closing the resource gap between large corporations and small teams, and enabling independent analysis of LLMs."
62,What methods or approaches are being investigated or utilized to optimize or adapt machine learning models?,"Some of the methods or approaches being investigated or utilized to optimize or adapt machine learning models according to the listed references include large-scale pre-training on general domain data followed by adaptation to specific tasks or domains, adding adapter layers, optimizing certain forms of adaptations, and exploring the use of large language models for reference-free text quality evaluation. Additionally, strategies like fine-tuning continuous prompts for generation and learning overparameterized neural networks via stochastic gradient descent on structured data are being explored for model adaptation. These approaches aim to make model adaptation more parameter- and compute-efficient.","The methods or approaches being investigated or utilized include large-scale pre-training on general domain data and adaptation to particular tasks or domains, adding adapter layers, and optimizing some forms of adaptations."
63,What are the advantages of applying LoRA to transformer models in terms of computational efficiency during training and deployment?,"Applying LoRA to transformer models offers several advantages in terms of computational efficiency. By using LoRA, a pre-trained model can be shared and used for multiple tasks, reducing the storage requirements and task-switching overhead significantly. Additionally, LoRA makes training more efficient and lowers the hardware barrier to entry by up to 3 times when using adaptive optimizers, as gradients do not need to be calculated for all parameters. This can lead to faster model training and deployment times, improving overall computational efficiency.","Applying LoRA to transformer models can reduce the number of trainable parameters, making training more efficient and lowering the hardware barrier to entry. It also allows for quick task-switching during deployment by sharing the majority of model parameters."
64,How does the training cost impact the evaluation of performance metrics across the different methods of adaptation for large Transformer models like GPT-3?,"The training cost has a significant impact on the evaluation of performance metrics across different adaptation methods for large Transformer models like GPT-3. The cost of training our 175B SFT model is 4.9 petaflops/s-days, while training our 175B PPO-ptx model requires 60 petaflops/s-days, compared to 3,640 petaflops/s-days for GPT-3. This difference in training cost affects the efficiency and effectiveness of adaptation methods, as it determines the resources required for training and evaluating the models. Additionally, the training cost influences the scalability and feasibility of implementing these adaptation methods on a larger scale. It is essential to consider the trade-offs between training cost and performance metrics when evaluating and selecting adaptation methods for large Transformer models like GPT-3.","The training cost has a significant impact on the evaluation of performance metrics for large Transformer models like GPT-3. By achieving the largest reduction of trainable parameters, we can adapt the model while maintaining task performances, but the training cost for different adaptation methods varies. This cost can affect the overall efficiency and effectiveness of the adaptation process, as seen in the empirical studies conducted."
65,What are the advantages of using low-rank adaptations during the fine-tuning process of pre-trained transformer models?,"Using low-rank adaptations during the fine-tuning process of pre-trained transformer models can potentially amplify important features for specific downstream tasks that were not emphasized in the general pre-training model. This approach allows for a reduction in the number of trainable parameters, leading to a more efficient use of computational resources without sacrificing task performance. Additionally, low-rank adaptations can help in identifying the trade-off between performance and the number of trainable parameters, aiding in better optimization strategies for adaptation in low-data regimes.",Low-rank adaptations potentially amplify important features for specific downstream tasks that were not emphasized in the general pre-training model.
67,What are the implications of fine-tuning large language models on datasets of varying sizes in contrast to using few-shot learning techniques?,"Fine-tuning large language models on datasets of varying sizes compared to using few-shot learning techniques can significantly improve model performance across different tasks. Fine-tuning with DPO has shown to exceed PPO-based RLHF in controlling sentiment of generations and matching or improving response quality in summarization and single-turn dialogue. Additionally, fine-tuning is simpler to implement and train, making it a more practical approach for performance-sensitive applications with curated training datasets. The ability to fine-tune models for specific tasks on larger datasets can lead to substantial performance improvements compared to few-shot learning methods.",Fine-tuning with DPO surpasses PPO-based RLHF in sentiment control across generations and improves response quality in summarization and single-turn dialogue while being simpler to implement and train.
69,"How does the RoFormer model perform on semantic text matching tasks, such as those found in the CAIL2019-SCM dataset?","Based on the results from the experiments conducted on the CAIL2019-SCM dataset, RoFormer consistently outperforms its alternatives, including BERT and WoBERT, in dealing with long texts and semantic text matching tasks. When compared with BERT and WoBERT on the same pre-training data with short text cut-offs, RoFormer shows comparable performance to WoBERT and slightly better performance than BERT. However, when the maximum input text length is increased to 1024, RoFormer significantly outperforms WoBERT by an absolute improvement of 1.5%, showcasing its effectiveness in semantic text matching tasks.","The RoFormer model outperforms other pre-trained models on semantic text matching tasks, such as those in the CAIL2019-SCM dataset, especially when the maximum input text length is increased to 1024."
73,What is the purpose of using a regularization term (like the epsilon multiplied by the identity matrix) in the linear regression model described in the code?,"The purpose of using a regularization term (epsilon multiplied by the identity matrix) in the linear regression model described in the code is to prevent overfitting by adding a penalty term to the loss function. This regularization term helps to control the complexity of the model by discouraging large coefficients, leading to a more stable and generalizable solution. By incorporating this regularization, the model can better handle noise and outliers in the data, ultimately improving its performance on unseen data points.","The purpose of using a regularization term in the linear regression model is to mitigate or resolve catastrophic extrapolation error, making the extrapolated values comparable to those within the original range."
74,What novel attention mechanisms does the language model discussed employ to improve performance and efficiency in processing long sequences?,"The language model discussed employs sliding window attention to improve performance and efficiency in processing long sequences. This mechanism helps reduce the number of operations and memory usage in comparison to vanilla attention, leading to lower latency and increased throughput during inference. Additionally, the model incorporates linear attention as an alternative mechanism to avoid quadratic computation costs associated with input sequence length, further enhancing its ability to handle longer sequences effectively.",The language model discussed employs sliding window attention and linear attention mechanisms to improve performance and efficiency in processing long sequences.
75,How does the performance of the Mistral 7B model in mathematical benchmarks compare to that of larger pretrained models?,"Based on the provided information, the Mistral 7B model outperforms the Llama 34B model in mathematics and code generation benchmarks. Additionally, Mistral 7B approaches the performance of the larger Code-Llama 7B model in coding tasks. This indicates that Mistral 7B demonstrates high performance in mathematical benchmarks compared to larger pretrained models.",The Mistral 7B model outperforms larger pretrained models in mathematics benchmarks.
76,"What are the key differences between HALO and non-HALO loss functions, and what impact do these differences have on language model alignment?","HALO loss functions, such as DPO and KTO, explicitly model human biases like loss aversion, while non-HALO loss functions, like CSFT and SLiC, do not. These differences can impact language model alignment by influencing how well the model captures human preferences and perceptions in text generation tasks. HALOs may be more effective in aligning language models to human expectations and behaviors, potentially leading to more accurate and natural language generation outputs. Further research is needed to fully understand the implications of using HALO versus non-HALO loss functions in language model alignment.","HALO loss functions implicitly model human biases, such as loss aversion, while non-HALO loss functions do not. These biases can impact language model alignment by influencing the generation of text outputs that better match human perceptions of language quality."
78,What implications does the lemma from Rafailov et al. (2023) have on the relationship between optimal policies and reward functions within the same equivalence class?,"The lemma from Rafailov et al. (2023) implies that reward functions within the same equivalence class will induce the same optimal policy under the constrained RL problem. This means that even though the reward functions may differ by an input-specific component, they will lead to the same decision-making strategy. This has important implications for understanding the relationship between reward functions and optimal policies, showing that certain variations in the reward functions do not impact the final decision-making process. Understanding this relationship can help in designing more efficient and effective RL algorithms.",The lemma from Rafailov et al. (2023) implies that optimal policies and reward functions within the same equivalence class induce the same optimal policy under the constrained RL problem.
80,What is the significance of the term open-domain in the context of question answering?,"Answer: The term 'open-domain' in the context of question answering refers to the lack of specific context or relevant information provided to the model when answering a factual question. This means that the model must rely solely on the question itself without additional articles or background knowledge. In open-domain question answering, the model's task is to produce answers to factoid questions based solely on the input question without any accompanying context or information. Additionally, open-domain question answering systems typically aim to provide objective answers to factual questions, making it easier to evaluate the model's performance.",Answer: The term 'open-domain' in question answering refers to the lack of specific context or relevant information provided for any arbitrarily asked factual question. The model must generate answers solely based on the question itself.
81,How do various models handle the retrieval of relevant context for question answering from external knowledge sources?,"Various models handle the retrieval of relevant context for question answering from external knowledge sources in different ways. Some models, like DenSPI, encode all text in the knowledge corpus at the phrase level and rely on a retriever to identify the most relevant phrase as the predicted answer. Others, like ORQA, jointly learn a retriever and reader QA model to optimize correct answers without needing ground-truth context passages during training. Additionally, methods like Self-Ask and IRCoT combine iterative prompting and queries to external sources to construct the thought process iteratively and retrieve relevant content. The effectiveness of these models depends on the retrieval quality and the integration of retrieved content into the prompt.","Various models handle the retrieval of relevant context for question answering from external knowledge sources by using retrieval models to surface context based on relevance, recency, and importance. The dense representations of a question and context passage are extracted using language models, and the dot-product of these representations is used as the retrieval score to rank and select the most relevant passages. Additionally, some models use bi-directional LSTM and reader models to extract answers from context documents."
82,What are the differences between open-book and closed-book question answering?,"In open-book question answering, the retriever-generator approach involves two stages where the second stage is to generate free text directly to answer the question. This is also known as generative question answering. On the other hand, closed-book question answering involves the use of generative language models that are pre-trained on a large collection of textual data and can answer questions without explicit context, similar to a closed-book exam. These models produce free text responses to questions without requiring explicit reading comprehension. Additionally, swapping the question with the evidence in closed-book QA demonstrations has been found to consistently yield lower results across all datasets.","Open-book question answering involves generating free text directly to answer a question, while closed-book question answering uses pre-trained language models to produce free text responses without explicit context."
84,What are some of the concerns related to fine-tuning QA models with common datasets?,"One concern related to fine-tuning QA models with common datasets is the significant overlap between questions in the train and test sets of public QA datasets. This overlap can potentially lead to biased performance evaluations and limit the generalizability of the model. Additionally, using datasets that primarily focus on tasks like classification and question answering may not fully capture the diverse range of tasks that language models are used for in practice. Furthermore, efforts to modify language models to mitigate harms, such as reducing toxicity, can inadvertently impact their ability to model text from under-represented groups.","One concern of fine-tuning QA models with common datasets is the significant overlap between questions in the training and test sets, which can impact the model's performance."
85,How does the performance of question answering models tend to vary with the size of the model?,"The performance of question answering models tends to improve with the size of the model, with larger models like T5 with 11B parameters outperforming smaller models like DPR with 3 BERT-base models. However, increasing the size of the model may negatively affect its performance in certain cases. Research has shown that larger models have the capability to memorize answers seen during training and perform well on novel questions at test time, but dataset suitability is also important for optimal performance. Additionally, extensive analysis of chatbot performance using both human raters and AI evaluation has been conducted to determine the effectiveness of different models.",The performance of question answering models tends to improve with larger model sizes.
86,What are the advantages and limitations of using generative language models for closed-book question answering?,"The advantages of using generative language models for closed-book question answering include the ability to memorize factual knowledge within parameter weights and produce free text responses without explicit context. Additionally, models like RAG can be fine-tuned on various tasks for better performance. However, limitations may arise from the reliance on supervised learning, which can be costly and time-consuming, and may restrict the use on datasets that are not well-annotated. Furthermore, the performance of generative models may vary based on the model size and the quality of the retrieved relevant context.","Advantages: Generative language models can memorize factual knowledge and answer questions without explicit context, similar to a closed-book exam. Limitations: Reliance on supervised learning limits use on datasets that are not well-annotated and can be expensive and time-consuming to train extremely large models."
87,What are the main components that complement the central controller in an autonomous agent system?,"In an autonomous agent system powered by LLM, the main components that complement the central controller include Planning, Memory, and Task Decomposition. Planning involves breaking down tasks into subgoals and reflecting on past actions for refinement. Memory allows the agent to store and retrieve information for decision-making. Task Decomposition focuses on the reliability of the natural language interface and the use of expert modules for routing inquiries. Together, these components enhance the overall functionality and efficiency of the autonomous agent system.",The main components that complement the central controller in an autonomous agent system are Planning and Memory.
88,How can subgoals and task decomposition improve the handling of complex tasks in autonomous systems?,"Subgoals and task decomposition can improve the handling of complex tasks in autonomous systems by breaking down large tasks into smaller, more manageable subtasks. This enables the agent to efficiently navigate through the various steps required to complete the overall task. By reflecting on past actions and refining their approach, the agent can learn from mistakes and continuously improve the quality of their final results. This iterative process of breaking down tasks and refining actions ultimately leads to enhanced safety and reliability in autonomous systems.","Subgoals and task decomposition can break down large tasks into smaller, manageable steps, enabling efficient handling of complex tasks in autonomous systems. This allows the agent to plan ahead, reflect on past actions, learn from mistakes, and refine strategies for future steps, ultimately improving the quality of final results."
89,"What types of memory are leveraged in autonomous agents, and how do they differ?","In autonomous agents, two main types of memory are leveraged: short-term memory and long-term memory. Short-term memory is utilized for in-context learning, while long-term memory allows for the retention and recall of information over extended periods. The agents can interact with other agents and retain past experiences using these memory mechanisms. Short-term memory is essential for immediate learning, while long-term memory enables agents to store and retrieve a vast amount of information over time. These memory systems enable agents to make informed decisions based on past experiences and interactions.","Short-term memory and long-term memory are utilized in autonomous agents. Short-term memory is used for in-context learning, while long-term memory allows agents to retain and recall information over extended periods. Long-term memory often leverages external storage for fast retrieval."
91,How does planning and reflection contribute to the iterative improvement of autonomous agents?,"Planning and reflection play a crucial role in the iterative improvement of autonomous agents by enabling them to break down tasks into manageable subgoals, learn from past actions, and refine their strategies for future steps. Through task decomposition, agents can efficiently handle complex tasks, while self-criticism and self-reflection allow them to identify mistakes and make necessary adjustments, ultimately improving the quality of their final results. By synthesizing memories and guiding future behavior based on past events, the reflection mechanism helps agents make higher-level inferences over time, leading to continuous learning and enhancement in performance.","Planning and reflection contribute to the iterative improvement of autonomous agents by allowing them to break down tasks into manageable subgoals, learn from past actions, correct mistakes, and refine their approach for future steps. This process leads to better decision-making, higher-quality results, and overall improvement in performance over time."
92,In what ways can an agent's performance be evaluated and refined over time?,"An agent's performance can be evaluated and refined over time by continuously reviewing and analyzing actions, constructively self-criticizing behavior, reflecting on past decisions and strategies, and aiming to complete tasks in the least number of steps. Additionally, the agent can evaluate the results of API calls and refine inputs if necessary, as well as break down large tasks into smaller subgoals for more efficient handling. Self-reflection, learning from mistakes, and refining actions for future steps can also improve the quality of final results.","The speaker of the dialogue is 'agent'. An agent's performance can be evaluated and refined over time by continuously reviewing and analyzing actions, constructively self-criticizing big-picture behavior, reflecting on past decisions and strategies, being smart and efficient in completing tasks, breaking down tasks into smaller subgoals, self-reflection and refinement of actions, learning from mistakes, calling external APIs for additional information, and using memory, planning, and reflection mechanisms to improve behavior based on past experiences."
93,What challenges are faced in enhancing the long-term planning capabilities of autonomous agents?,"Enhancing long-term planning capabilities of autonomous agents faces challenges such as effectively exploring the solution space over a lengthy history and adjusting plans when unexpected errors occur. LLMs struggle to adapt plans in response to errors, making them less robust compared to human learning from trial and error. To address this, agents need to improve task decomposition by breaking down large tasks into manageable subgoals and incorporate reflection mechanisms for self-criticism and learning from past actions. Additionally, the integration of external classical planners like PDDL can aid in long-horizon planning for complex tasks.","Challenges in long-term planning for autonomous agents include difficulty in task decomposition, adjusting plans when faced with unexpected errors, and lack of robustness compared to human learning from trial and error."
94,How does the use of tools and external resources extend the capabilities of large language models in practical applications?,"The use of tools and external resources extends the capabilities of large language models by fine-tuning them to leverage external tool APIs. This process involves expanding the dataset based on the potential improvement in model outputs from newly added API call annotations. By incorporating external resources, such as APIs, large language models can enhance their performance and adaptability for a wide range of practical applications, including speech recognition, machine translation, and natural language generation. This approach helps create more efficient and high-performing language models that can effectively handle diverse tasks and scenarios.","The use of tools and external resources allows large language models to access additional information and functions, improving their performance in various tasks such as speech recognition, machine translation, and natural language generation. By fine-tuning the models to utilize external APIs, the dataset is expanded and enriched, leading to more accurate and efficient model outputs. This approach enhances the adaptability and effectiveness of large language models in practical applications."
95,What are the primary techniques involved in steering the behavior of language models without modifying their underlying architectures?,"The primary techniques involved in steering the behavior of language models without modifying their underlying architectures include using language models to generate toxic outputs as part of a data augmentation pipeline, making models refuse certain user instructions, and combining Reinforcement Learning from Human Feedback (RLHF) with architectures that heavily use self-attention. Additionally, techniques such as supervised fine-tuning (SFT) and few-shot learning, or prompt engineering, are utilized to achieve precise control over the behavior of language models. These techniques focus on aligning language models with human intentions through iterative improvements and alignment research.","The primary techniques involved in steering the behavior of language models without modifying their underlying architectures include using language models to generate toxic outputs as part of a data augmentation pipeline, making models refuse certain user instructions, and combining reinforcement learning with architecture that heavily uses self-attention."
96,How can the alignment and steerability of language models be influenced through specific engineering methods?,"Specific engineering methods that can influence the alignment and steerability of language models include fine-tuning data selection, alignment method choice, and incorporating pretraining data into reinforcement learning from human feedback (RLHF) processes. Additionally, designing interfaces for human labelers to provide feedback to language models can play a crucial role in improving alignment. It is also important to consider factors like model response editing, generating critiques, and using diverse feedback mechanisms to enhance alignment and steerability in language models.","Promote alignment and steerability of language models through specific engineering methods like prompt engineering, fine-tuning data, and incorporating pretraining data into reinforcement learning from human feedback (RLHF)."
101,"What innovative approaches are being explored to enhance language model's reasoning capabilities, specifically for complex reasoning tasks?","Some innovative approaches being explored to enhance language model's reasoning capabilities for complex tasks include ReAct by Yao et al. (2023), which synergizes reasoning and acting in language models, Complexity-based prompting for multi-step reasoning by Fu et al. (2022), Rationale-augmented ensembles in language models by Wang et al. (2022), and Automatic chain of thought prompting in large language models by Zhang et al. (2022). These approaches focus on improving the model's ability to handle complex reasoning tasks by incorporating advanced techniques such as prompt-based learning, rationale augmentation, and automatic chaining of thoughts. Additionally, models like PAL and PoT offload complex computation and reasoning tasks by generating programming language statements to resolve natural language problems, enhancing the efficiency and performance of the language model.","Researchers are exploring approaches like ReAct, complexity-based prompting, rationale-augmented ensembles, and automatic chain of thought prompting to enhance language model's reasoning capabilities for complex tasks."
102,How can external tools and APIs be integrated with language models to extend their capabilities and applications?,"External tools and APIs can be integrated with language models by fine-tuning the models to learn how to use these external resources effectively. This involves expanding the dataset to determine if adding new API call annotations can enhance the model's output quality. By calling external APIs for additional information that may be missing from the model weights, such as current information or access to proprietary sources, the language model can be prompted further to generate more accurate and insightful responses. Additionally, incorporating tool use capabilities, like those seen in ChatGPT Plugins and OpenAI API function calling, can provide practical examples of how language models can benefit from external resources.","External tools and APIs can be integrated with language models through techniques like fine-tuning the models to use the APIs for extra information, accessing external data sources, executing code, and enhancing the model's capabilities for tasks like speech recognition, machine translation, and natural language generation. This integration helps extend the applications of language models by providing access to additional resources and functionalities."
103,What kind of learning challenges does the attention mechanism address in neural machine translation?,"The attention mechanism in neural machine translation addresses the challenge of memorizing long source sentences by creating shortcuts between the context vector and the entire source input. This allows for more efficient learning of dependencies between source and target sequences, regardless of the in-between distance. Additionally, the attention mechanism enables the model to learn correlations between current words and previous parts of the sentence, improving the overall translation quality. By adapting different types of attention weight matrices, the model can further enhance its learning capabilities.",The attention mechanism helps address the challenge of memorizing long source sentences and creating shortcuts between context vectors and entire source inputs in neural machine translation.
104,How is the encoder-decoder architecture in seq2seq models affected by long input sequences?,"In seq2seq models, the encoder-decoder architecture can be affected by long input sequences. This can lead to challenges in attending to the relevant parts of the input during decoding, potentially resulting in erroneous generation. Additionally, the design of the decoding strategy itself, such as using top-k sampling for improved generation diversity, can also contribute to issues like hallucinations. Therefore, careful consideration of handling long input sequences and refining decoding strategies is crucial for effective seq2seq model performance.","The encoder-decoder architecture in seq2seq models may struggle with long input sequences, leading to difficulties in generating accurate target sequences."
105,What are the differences between soft and hard attention in the context of image caption generation?,"Soft attention in image caption generation allows the model to distribute its focus over all patches in the source image, similar to the attention mechanism proposed by Bahdanau et al. in 2015. On the other hand, hard attention restricts the model to only attend to a specific patch of the image when generating a word. This distinction between soft and hard attention impacts how the model learns to align image features with generated words, influencing the quality and interpretability of the generated captions. Additionally, the choice between soft and hard attention can affect the model's ability to capture global dependencies within the image.","Soft attention in image caption generation refers to alignment weights that are learned and placed 'softly' over all patches in the source image. This allows the model to focus on different regions of the image simultaneously. On the other hand, hard attention involves selecting a single aligned position for the current target word, making it more like a spotlight that focuses on specific areas of the image at a time."
106,Can you describe the multi-head self-attention mechanism in the transformer model?,"In the transformer model, the multi-head self-attention mechanism runs the scaled dot-product attention multiple times in parallel instead of just once. This allows the model to jointly attend to information from different representation subspaces at different positions. The independent attention outputs are then concatenated and linearly transformed to the expected dimensions. This approach enhances the model's ability to capture relationships and dependencies across different parts of the input sequence, leading to improved performance in tasks such as machine reading and summarization.","The multi-head self-attention mechanism in the transformer model runs scaled dot-product attention multiple times in parallel, allowing the model to jointly attend to information from different representation subspaces at different positions. The independent attention outputs are concatenated and linearly transformed into the expected dimensions."
107,In what ways does SNAIL address the issue of positioning in the transformer model?,"SNAIL addresses the issue of weakly incorporating sequential order in the transformer model by using self-attention to enhance performance. It formulates relative position using vector production and encodes absolute position information through a rotation matrix. Additionally, SNAIL mathematically illustrates the advantageous properties of this method when applied to the Transformer. This approach improves the model's ability to handle positional dependencies, particularly important for tasks like reinforcement learning.",SNAIL addresses the issue of positioning in the transformer model by using self-attention to enhance the performance and incorporating relative position naturally through vector production and absolute position information through a rotation matrix.
108,How does the Pointer Network differ from standard seq2seq models in dealing with sequential data?,"The Pointer Network differs from standard seq2seq models in that it is specifically designed to handle problems where the output elements correspond to positions in an input sequence. Instead of using attention to blend hidden units like in seq2seq models, the Pointer Network directly points to the elements in the input sequence. This allows for greater flexibility in determining the output elements, which is particularly useful in tasks like sorting or the traveling salesman problem where the output categories are not predetermined. The architecture of a Pointer Network model includes an encoder-decoder setup with a focus on predicting or inferring specific elements in the input sequence based on their importance weights.","The Pointer Network differs from standard seq2seq models by being able to handle problems where the output elements correspond to positions in an input sequence, rather than using attention to blend hidden units."
110,How does Neural Turing Machine (NTM) simulate the infinite memory characteristic of Turing machines?,"Neural Turing Machine (NTM) simulates the infinite memory characteristic of Turing machines by coupling a neural network with external memory storage. The memory in NTM mimics the Turing machine tape, allowing the neural network to control operation heads to read from or write to the tape. However, the memory in NTM is finite, resembling more of a 'Neural von Neumann Machine' due to practical limitations in real modern computers. This limitation is addressed by various works that add memory capabilities to Transformers through recurrence, enhancing the model's ability to handle very long sequences while still maintaining attention mechanisms for efficient memory access.","Neural Turing Machine (NTM) uses external memory storage that mimics the Turing machine tape, allowing the neural network to control operation heads to read from or write to the tape. However, the memory in NTM is finite, making it more similar to a 'Neural von Neumann Machine' rather than having infinite memory like a Turing machine."
